ItinID,MktID,MktCoupons,Year,Quarter,OriginAirportID,OriginAirportSeqID,OriginCityMarketID,Origin,OriginCountry,OriginStateFips,OriginState,OriginStateName,OriginWac,DestAirportID,DestAirportSeqID,DestCityMarketID,Dest,DestCountry,DestStateFips,DestState,DestStateName,DestWac,AirportGroup,WacGroup,TkCarrierChange,TkCarrierGroup,OpCarrierChange,OpCarrierGroup,RPCarrier,TkCarrier,OpCarrier,BulkFare,Passengers,MktFare,MktDistance,MktDistanceGroup,MktMilesFlown,NonStopMiles,ItinGeoType,MktGeoType
202522704360,20252270436003,2,2025,2,16869,1686902,32389,XWA,US,38,ND,North Dakota,66,14057,1405702,34057,PDX,US,41,OR,Oregon,92,XWA:DEN:PDX,66:82:92,0,UA:UA,0,UA:UA,DL,UA,UA,0.0,1,434.43,1573,4,1573,908,2,2
202524015501,20252401550104,3,2025,2,16869,1686902,32389,XWA,US,38,ND,North Dakota,66,11481,1148102,31481,ECP,US,12,FL,Florida,33,XWA:DEN:IAH:ECP,66:82:74:33,0,UA:UA:UA,0,UA:UA:UA,OO,UA,UA,0.0,1,292.5,2016,5,2016,1557,2,2
202524017386,20252401738604,2,2025,2,16869,1686902,32389,XWA,US,38,ND,North Dakota,66,11540,1154005,30615,ELP,US,48,TX,Texas,74,XWA:DEN:ELP,66:82:74,0,UA:UA,0,UA:UA,OO,UA,UA,0.0,1,481.07,1145,3,1145,1143,2,2
202524025461,20252402546103,2,2025,2,16869,1686902,32389,XWA,US,38,ND,North Dakota,66,11638,1163807,31638,FAT,US,6,CA,California,91,XWA:DEN:FAT,66:82:91,0,UA:UA,0,UA:UA,OO,UA,UA,0.0,1,212.0,1426,3,1426,1133,2,2
202524048228,20252404822803,2,2025,2,16869,1686902,32389,XWA,US,38,ND,North Dakota,66,11921,1192102,31921,GJT,US,8,CO,Colorado,82,XWA:DEN:GJT,66:82:82,0,UA:UA,0,UA:UA,OO,UA,UA,0.0,1,138.5,794,2,794,674,2,2
202524048229,20252404822903,2,2025,2,16869,1686902,32389,XWA,US,38,ND,North Dakota,66,11921,1192102,31921,GJT,US,8,CO,Colorado,82,XWA:DEN:GJT,66:82:82,0,UA:UA,0,UA:UA,OO,UA,UA,0.0,1,179.5,794,2,794,674,2,2
202524268362,20252426836203,3,2025,2,16869,1686902,32389,XWA,US,38,ND,North Dakota,66,14814,1481403,30476,SHV,US,22,LA,Louisiana,72,XWA:DEN:IAH:SHV,66:82:74:72,0,UA:UA:UA,0,UA:UA:UA,OO,UA,UA,0.0,1,613.64,1636,4,1636,1208,2,2
202524268364,20252426836403,2,2025,2,16869,1686902,32389,XWA,US,38,ND,North Dakota,66,14814,1481403,30476,SHV,US,22,LA,Louisiana,72,XWA:DEN:SHV,66:82:72,0,UA:UA,0,UA:UA,OO,UA,UA,0.0,1,416.0,1374,3,1374,1208,2,2
202524277039,20252427703903,2,2025,2,16869,1686902,32389,XWA,US,38,ND,North Dakota,66,14869,1486903,34614,SLC,US,49,UT,Utah,87,XWA:DEN:SLC,66:82:87,0,UA:UA,0,UA:UA,OO,UA,UA,0.0,1,260.0,973,2,973,656,2,2
202524303460,20252430346003,2,2025,2,16869,1686902,32389,XWA,US,38,ND,North Dakota,66,15370,1537002,34653,TUL,US,40,OK,Oklahoma,73,XWA:DEN:TUL,66:82:73,0,UA:UA,0,UA:UA,OO,UA,UA,0.0,1,135.0,1123,3,1123,924,2,2
202524303466,20252430346603,2,2025,2,16869,1686902,32389,XWA,US,38,ND,North Dakota,66,15370,1537002,34653,TUL,US,40,OK,Oklahoma,73,XWA:DEN:TUL,66:82:73,0,UA:UA,0,UA:UA,OO,UA,UA,0.0,1,221.5,1123,3,1123,924,2,2
202524303467,20252430346703,2,2025,2,16869,1686902,32389,XWA,US,38,ND,North Dakota,66,15370,1537002,34653,TUL,US,40,OK,Oklahoma,73,XWA:DEN:TUL,66:82:73,0,UA:UA,0,UA:UA,OO,UA,UA,0.0,1,254.0,1123,3,1123,924,2,2
202525111453,20252511145303,2,2025,2,16869,1686902,32389,XWA,US,38,ND,North Dakota,66,13264,1326404,33264,MFR,US,41,OR,Oregon,92,XWA:DEN:MFR,66:82:92,0,UA:UA,0,UA:UA,UA,UA,UA,0.0,1,319.0,1546,4,1546,1013,2,2
202525119866,20252511986605,2,2025,2,16869,1686902,32389,XWA,US,38,ND,North Dakota,66,13342,1334207,33342,MKE,US,55,WI,Wisconsin,45,XWA:DEN:MKE,66:82:45,0,UA:UA,0,UA:UA,UA,UA,UA,0.0,1,475.93,1478,3,1478,849,2,2
202525136320,20252513632004,2,2025,2,16869,1686902,32389,XWA,US,38,ND,North Dakota,66,13495,1349505,33495,MSY,US,22,LA,Louisiana,72,XWA:DEN:MSY,66:82:72,0,UA:UA,0,UA:UA,UA,UA,UA,0.0,1,429.29,1644,4,1644,1449,2,2
202525156192,20252515619205,3,2025,2,16869,1686902,32389,XWA,US,38,ND,North Dakota,66,13830,1383002,33830,OGG,US,15,HI,Hawaii,2,XWA:DEN:LAX:OGG,66:82:91:2,0,UA:UA:UA,0,UA:UA:UA,UA,UA,UA,0.0,1,543.79,3930,8,3930,3455,1,1
202525165281,20252516528103,2,2025,2,16869,1686902,32389,XWA,US,38,ND,North Dakota,66,13891,1389101,32575,ONT,US,6,CA,California,91,XWA:DEN:ONT,66:82:91,0,UA:UA,0,UA:UA,UA,UA,UA,0.0,1,236.5,1401,3,1401,1214,2,2
202526774754,20252677475404,2,2025,2,16869,1686902,32389,XWA,US,38,ND,North Dakota,66,10994,1099402,30994,CHS,US,45,SC,South Carolina,37,XWA:DEN:CHS,66:82:37,0,UA:UA,0,UA:UA,YX,UA,UA,0.0,1,692.32,2031,5,2031,1625,2,2
202524812714,20252481271403,2,2025,2,16869,1686902,32389,XWA,US,38,ND,North Dakota,66,11697,1169706,32467,FLL,US,12,FL,Florida,33,XWA:DEN:FLL,66:82:33,0,UA:UA,0,UA:UA,UA,UA,UA,0.0,1,183.5,2285,5,2285,1993,2,2
202524830268,20252483026803,2,2025,2,16869,1686902,32389,XWA,US,38,ND,North Dakota,66,11884,1188402,31884,GEG,US,53,WA,Washington,93,XWA:DEN:GEG,66:82:93,0,UA:UA,0,UA:UA,UA,UA,UA,0.0,1,156.0,1418,3,1418,641,2,2
202524830269,20252483026903,2,2025,2,16869,1686902,32389,XWA,US,38,ND,North Dakota,66,11884,1188402,31884,GEG,US,53,WA,Washington,93,XWA:DEN:GEG,66:82:93,0,UA:UA,0,UA:UA,UA,UA,UA,0.0,1,173.0,1418,3,1418,641,2,2
202524833107,20252483310703,2,2025,2,16869,1686902,32389,XWA,US,38,ND,North Dakota,66,11921,1192102,31921,GJT,US,8,CO,Colorado,82,XWA:DEN:GJT,66:82:82,0,UA:UA,0,UA:UA,UA,UA,UA,0.0,1,256.0,794,2,794,674,2,2
202524880607,20252488060703,3,2025,2,16869,1686902,32389,XWA,US,38,ND,North Dakota,66,12264,1226402,30852,IAD,US,51,VA,Virginia,38,XWA:DEN:CMH:IAD,66:82:44:38,0,UA:UA:UA,0,UA:UA:UA,UA,UA,UA,0.0,1,420.1,2035,5,2035,1457,2,2
202524927838,20252492783804,2,2025,2,16869,1686902,32389,XWA,US,38,ND,North Dakota,66,12266,1226603,31453,IAH,US,48,TX,Texas,74,XWA:DEN:IAH,66:82:74,0,UA:UA,0,UA:UA,UA,UA,UA,0.0,1,828.47,1444,3,1444,1337,2,2
202524930821,20252493082103,2,2025,2,16869,1686902,32389,XWA,US,38,ND,North Dakota,66,12266,1226603,31453,IAH,US,48,TX,Texas,74,XWA:DEN:IAH,66:82:74,0,UA:UA,0,UA:UA,UA,UA,UA,0.0,1,168.5,1444,3,1444,1337,2,2
202524930823,20252493082303,2,2025,2,16869,1686902,32389,XWA,US,38,ND,North Dakota,66,12266,1226603,31453,IAH,US,48,TX,Texas,74,XWA:DEN:IAH,66:82:74,0,UA:UA,0,UA:UA,UA,UA,UA,0.0,1,169.0,1444,3,1444,1337,2,2
202524930824,20252493082403,2,2025,2,16869,1686902,32389,XWA,US,38,ND,North Dakota,66,12266,1226603,31453,IAH,US,48,TX,Texas,74,XWA:DEN:IAH,66:82:74,0,UA:UA,0,UA:UA,UA,UA,UA,0.0,1,171.0,1444,3,1444,1337,2,2
202524930825,20252493082503,2,2025,2,16869,1686902,32389,XWA,US,38,ND,North Dakota,66,12266,1226603,31453,IAH,US,48,TX,Texas,74,XWA:DEN:IAH,66:82:74,0,UA:UA,0,UA:UA,UA,UA,UA,0.0,1,183.5,1444,3,1444,1337,2,2
202524930828,20252493082803,2,2025,2,16869,1686902,32389,XWA,US,38,ND,North Dakota,66,12266,1226603,31453,IAH,US,48,TX,Texas,74,XWA:DEN:IAH,66:82:74,0,UA:UA,0,UA:UA,UA,UA,UA,0.0,1,209.5,1444,3,1444,1337,2,2
202524930835,20252493083503,2,2025,2,16869,1686902,32389,XWA,US,38,ND,North Dakota,66,12266,1226603,31453,IAH,US,48,TX,Texas,74,XWA:DEN:IAH,66:82:74,0,UA:UA,0,UA:UA,UA,UA,UA,0.0,1,253.0,1444,3,1444,1337,2,2
202524930844,20252493084403,2,2025,2,16869,1686902,32389,XWA,US,38,ND,North Dakota,66,12266,1226603,31453,IAH,US,48,TX,Texas,74,XWA:DEN:IAH,66:82:74,0,UA:UA,0,UA:UA,UA,UA,UA,0.0,1,341.0,1444,3,1444,1337,2,2
202524930846,20252493084603,2,2025,2,16869,1686902,32389,XWA,US,38,ND,North Dakota,66,12266,1226603,31453,IAH,US,48,TX,Texas,74,XWA:DEN:IAH,66:82:74,0,UA:UA,0,UA:UA,UA,UA,UA,0.0,1,355.0,1444,3,1444,1337,2,2
202524930847,20252493084703,2,2025,2,16869,1686902,32389,XWA,US,38,ND,North Dakota,66,12266,1226603,31453,IAH,US,48,TX,Texas,74,XWA:DEN:IAH,66:82:74,0,UA:UA,0,UA:UA,UA,UA,UA,0.0,1,367.0,1444,3,1444,1337,2,2
202524930851,20252493085103,2,2025,2,16869,1686902,32389,XWA,US,38,ND,North Dakota,66,12266,1226603,31453,IAH,US,48,TX,Texas,74,XWA:DEN:IAH,66:82:74,0,UA:UA,0,UA:UA,UA,UA,UA,0.0,1,392.0,1444,3,1444,1337,2,2
202524930853,20252493085303,2,2025,2,16869,1686902,32389,XWA,US,38,ND,North Dakota,66,12266,1226603,31453,IAH,US,48,TX,Texas,74,XWA:DEN:IAH,66:82:74,0,UA:UA,0,UA:UA,UA,UA,UA,0.0,1,423.5,1444,3,1444,1337,2,2
202524930858,20252493085803,2,2025,2,16869,1686902,32389,XWA,US,38,ND,North Dakota,66,12266,1226603,31453,IAH,US,48,TX,Texas,74,XWA:DEN:IAH,66:82:74,0,UA:UA,0,UA:UA,UA,UA,UA,0.0,1,463.0,1444,3,1444,1337,2,2
202524930861,20252493086103,2,2025,2,16869,1686902,32389,XWA,US,38,ND,North Dakota,66,12266,1226603,31453,IAH,US,48,TX,Texas,74,XWA:DEN:IAH,66:82:74,0,UA:UA,0,UA:UA,UA,UA,UA,0.0,1,476.0,1444,3,1444,1337,2,2
202524930865,20252493086503,2,2025,2,16869,1686902,32389,XWA,US,38,ND,North Dakota,66,12266,1226603,31453,IAH,US,48,TX,Texas,74,XWA:DEN:IAH,66:82:74,0,UA:UA,0,UA:UA,UA,UA,UA,0.0,1,517.5,1444,3,1444,1337,2,2
202524930870,20252493087003,2,2025,2,16869,1686902,32389,XWA,US,38,ND,North Dakota,66,12266,1226603,31453,IAH,US,48,TX,Texas,74,XWA:DEN:IAH,66:82:74,0,UA:UA,0,UA:UA,UA,UA,UA,0.0,1,545.5,1444,3,1444,1337,2,2
202524930872,20252493087203,2,2025,2,16869,1686902,32389,XWA,US,38,ND,North Dakota,66,12266,1226603,31453,IAH,US,48,TX,Texas,74,XWA:DEN:IAH,66:82:74,0,UA:UA,0,UA:UA,UA,UA,UA,0.0,1,567.0,1444,3,1444,1337,2,2
202524930876,20252493087603,2,2025,2,16869,1686902,32389,XWA,US,38,ND,North Dakota,66,12266,1226603,31453,IAH,US,48,TX,Texas,74,XWA:DEN:IAH,66:82:74,0,UA:UA,0,UA:UA,UA,UA,UA,0.0,1,599.0,1444,3,1444,1337,2,2
202524930881,20252493088103,2,2025,2,16869,1686902,32389,XWA,US,38,ND,North Dakota,66,12266,1226603,31453,IAH,US,48,TX,Texas,74,XWA:DEN:IAH,66:82:74,0,UA:UA,0,UA:UA,UA,UA,UA,0.0,1,621.0,1444,3,1444,1337,2,2
202524944097,20252494409705,2,2025,2,16869,1686902,32389,XWA,US,38,ND,North Dakota,66,12266,1226603,31453,IAH,US,48,TX,Texas,74,XWA:DEN:IAH,66:82:74,0,UA:UA,0,UA:UA,UA,UA,UA,0.0,1,324.99,1444,3,1444,1337,2,2
202526711867,20252671186705,2,2025,2,16869,1686902,32389,XWA,US,38,ND,North Dakota,66,12266,1226603,31453,IAH,US,48,TX,Texas,74,XWA:DEN:IAH,66:82:74,0,UA:UA,0,UA:UA,YV,UA,UA,0.0,1,508.98,1444,3,1444,1337,2,2
202525088225,20252508822503,2,2025,2,16869,1686902,32389,XWA,US,38,ND,North Dakota,66,13204,1320402,31454,MCO,US,12,FL,Florida,33,XWA:DEN:MCO,66:82:33,0,UA:UA,0,UA:UA,UA,UA,UA,0.0,1,543.5,2128,5,2128,1818,2,2
202525004070,20252500407003,2,2025,2,16869,1686902,32389,XWA,US,38,ND,North Dakota,66,12889,1288904,32211,LAS,US,32,NV,Nevada,85,XWA:DEN:LAS,66:82:85,0,UA:UA,0,UA:UA,UA,UA,UA,0.0,1,156.0,1210,3,1210,1022,2,2
202525004072,20252500407203,2,2025,2,16869,1686902,32389,XWA,US,38,ND,North Dakota,66,12889,1288904,32211,LAS,US,32,NV,Nevada,85,XWA:DEN:LAS,66:82:85,0,UA:UA,0,UA:UA,UA,UA,UA,0.0,1,198.5,1210,3,1210,1022,2,2
202525061423,20252506142304,3,2025,2,16869,1686902,32389,XWA,US,38,ND,North Dakota,66,12953,1295304,31703,LGA,US,36,NY,New York,22,XWA:DEN:ORD:LGA,66:82:41:22,0,UA:UA:UA,0,UA:UA:UA,UA,UA,UA,0.0,1,192.5,2203,5,2203,1552,2,2
202524583538,20252458353803,2,2025,2,16869,1686902,32389,XWA,US,38,ND,North Dakota,66,11066,1106606,31066,CMH,US,39,OH,Ohio,44,XWA:DEN:CMH,66:82:44,0,UA:UA,0,UA:UA,UA,UA,UA,0.0,1,422.5,1736,4,1736,1178,2,2
202524671828,20252467182805,2,2025,2,16869,1686902,32389,XWA,US,38,ND,North Dakota,66,11298,1129806,30194,DFW,US,48,TX,Texas,74,XWA:DEN:DFW,66:82:74,0,UA:UA,0,UA:UA,UA,UA,UA,0.0,1,278.04,1223,3,1223,1116,2,2
202524673042,20252467304203,2,2025,2,16869,1686902,32389,XWA,US,38,ND,North Dakota,66,11298,1129806,30194,DFW,US,48,TX,Texas,74,XWA:DEN:DFW,66:82:74,0,UA:UA,0,UA:UA,UA,UA,UA,0.0,1,131.0,1223,3,1223,1116,2,2
202524673044,20252467304403,2,2025,2,16869,1686902,32389,XWA,US,38,ND,North Dakota,66,11298,1129806,30194,DFW,US,48,TX,Texas,74,XWA:DEN:DFW,66:82:74,0,UA:UA,0,UA:UA,UA,UA,UA,0.0,1,163.5,1223,3,1223,1116,2,2
202524673047,20252467304703,2,2025,2,16869,1686902,32389,XWA,US,38,ND,North Dakota,66,11298,1129806,30194,DFW,US,48,TX,Texas,74,XWA:DEN:DFW,66:82:74,0,UA:UA,0,UA:UA,UA,UA,UA,0.0,1,196.0,1223,3,1223,1116,2,2
202524673052,20252467305203,2,2025,2,16869,1686902,32389,XWA,US,38,ND,North Dakota,66,11298,1129806,30194,DFW,US,48,TX,Texas,74,XWA:DEN:DFW,66:82:74,0,UA:UA,0,UA:UA,UA,UA,UA,0.0,1,237.5,1223,3,1223,1116,2,2
202524673057,20252467305703,2,2025,2,16869,1686902,32389,XWA,US,38,ND,North Dakota,66,11298,1129806,30194,DFW,US,48,TX,Texas,74,XWA:DEN:DFW,66:82:74,0,UA:UA,0,UA:UA,UA,UA,UA,0.0,1,293.0,1223,3,1223,1116,2,2
202524673062,20252467306203,2,2025,2,16869,1686902,32389,XWA,US,38,ND,North Dakota,66,11298,1129806,30194,DFW,US,48,TX,Texas,74,XWA:DEN:DFW,66:82:74,0,UA:UA,0,UA:UA,UA,UA,UA,0.0,1,375.5,1223,3,1223,1116,2,2
202524673065,20252467306503,2,2025,2,16869,1686902,32389,XWA,US,38,ND,North Dakota,66,11298,1129806,30194,DFW,US,48,TX,Texas,74,XWA:DEN:DFW,66:82:74,0,UA:UA,0,UA:UA,UA,UA,UA,0.0,1,423.5,1223,3,1223,1116,2,2
202524673076,20252467307603,2,2025,2,16869,1686902,32389,XWA,US,38,ND,North Dakota,66,11298,1129806,30194,DFW,US,48,TX,Texas,74,XWA:DEN:DFW,66:82:74,0,UA:UA,0,UA:UA,UA,UA,UA,0.0,1,950.0,1223,3,1223,1116,2,2
202523980828,20252398082803,2,2025,2,16869,1686902,32389,XWA,US,38,ND,North Dakota,66,11109,1110902,30189,COS,US,8,CO,Colorado,82,XWA:DEN:COS,66:82:82,0,UA:UA,0,UA:UA,OO,UA,UA,0.0,1,311.5,655,2,655,654,2,2
202523983165,20252398316505,1,2025,2,16869,1686902,32389,XWA,US,38,ND,North Dakota,66,11292,1129202,30325,DEN,US,8,CO,Colorado,82,XWA:DEN,66:82,0,UA,0,UA,OO,UA,UA,0.0,1,429.72,582,2,582,582,2,2
202523998896,20252399889602,1,2025,2,16869,1686902,32389,XWA,US,38,ND,North Dakota,66,11292,1129202,30325,DEN,US,8,CO,Colorado,82,XWA:DEN,66:82,0,UA,0,UA,OO,UA,UA,0.0,1,134.0,582,2,582,582,2,2
202523998907,20252399890702,1,2025,2,16869,1686902,32389,XWA,US,38,ND,North Dakota,66,11292,1129202,30325,DEN,US,8,CO,Colorado,82,XWA:DEN,66:82,0,UA,0,UA,OO,UA,UA,0.0,1,189.5,582,2,582,582,2,2
202523998910,20252399891002,1,2025,2,16869,1686902,32389,XWA,US,38,ND,North Dakota,66,11292,1129202,30325,DEN,US,8,CO,Colorado,82,XWA:DEN,66:82,0,UA,0,UA,OO,UA,UA,0.0,1,199.0,582,2,582,582,2,2
202523998916,20252399891602,1,2025,2,16869,1686902,32389,XWA,US,38,ND,North Dakota,66,11292,1129202,30325,DEN,US,8,CO,Colorado,82,XWA:DEN,66:82,0,UA,0,UA,OO,UA,UA,0.0,1,249.0,582,2,582,582,2,2
202523998957,20252399895702,1,2025,2,16869,1686902,32389,XWA,US,38,ND,North Dakota,66,11292,1129202,30325,DEN,US,8,CO,Colorado,82,XWA:DEN,66:82,0,UA,0,UA,OO,UA,UA,0.0,1,531.0,582,2,582,582,2,2
202523998959,20252399895902,1,2025,2,16869,1686902,32389,XWA,US,38,ND,North Dakota,66,11292,1129202,30325,DEN,US,8,CO,Colorado,82,XWA:DEN,66:82,0,UA,0,UA,OO,UA,UA,0.0,1,601.0,582,2,582,582,2,2
202524005119,20252400511903,2,2025,2,16869,1686902,32389,XWA,US,38,ND,North Dakota,66,11413,1141307,30285,DRO,US,8,CO,Colorado,82,XWA:DEN:DRO,66:82:82,0,UA:UA,0,UA:UA,OO,UA,UA,0.0,1,206.5,833,2,833,793,2,2
202525468959,20252546895903,2,2025,2,16869,1686902,32389,XWA,US,38,ND,North Dakota,66,14869,1486903,34614,SLC,US,49,UT,Utah,87,XWA:DEN:SLC,66:82:87,0,UA:UA,0,UA:UA,UA,UA,UA,0.0,1,282.5,973,2,973,656,2,2
202525476271,20252547627103,2,2025,2,16869,1686902,32389,XWA,US,38,ND,North Dakota,66,14893,1489302,33192,SMF,US,6,CA,California,91,XWA:DEN:SMF,66:82:91,0,UA:UA,0,UA:UA,UA,UA,UA,0.0,1,177.5,1491,3,1491,1109,2,2
202525476274,20252547627403,2,2025,2,16869,1686902,32389,XWA,US,38,ND,North Dakota,66,14893,1489302,33192,SMF,US,6,CA,California,91,XWA:DEN:SMF,66:82:91,0,UA:UA,0,UA:UA,UA,UA,UA,0.0,1,285.5,1491,3,1491,1109,2,2
202525483970,20252548397003,2,2025,2,16869,1686902,32389,XWA,US,38,ND,North Dakota,66,14908,1490803,32575,SNA,US,6,CA,California,91,XWA:DEN:SNA,66:82:91,0,UA:UA,0,UA:UA,UA,UA,UA,0.0,1,499.0,1428,3,1428,1244,2,2
202525518888,20252551888803,2,2025,2,16869,1686902,32389,XWA,US,38,ND,North Dakota,66,15370,1537002,34653,TUL,US,40,OK,Oklahoma,73,XWA:DEN:TUL,66:82:73,0,UA:UA,0,UA:UA,UA,UA,UA,0.0,1,382.5,1123,3,1123,924,2,2
202525518892,20252551889203,2,2025,2,16869,1686902,32389,XWA,US,38,ND,North Dakota,66,15370,1537002,34653,TUL,US,40,OK,Oklahoma,73,XWA:DEN:TUL,66:82:73,0,UA:UA,0,UA:UA,UA,UA,UA,0.0,1,868.0,1123,3,1123,924,2,2
202525521532,20252552153204,2,2025,2,16869,1686902,32389,XWA,US,38,ND,North Dakota,66,15376,1537604,30436,TUS,US,4,AZ,Arizona,81,XWA:DEN:TUS,66:82:81,0,UA:UA,0,UA:UA,UA,UA,UA,0.0,1,137.32,1221,3,1221,1176,2,2
202525528684,20252552868403,2,2025,2,16869,1686902,32389,XWA,US,38,ND,North Dakota,66,15919,1591905,31834,XNA,US,5,AR,Arkansas,71,XWA:DEN:XNA,66:82:71,0,UA:UA,0,UA:UA,UA,UA,UA,0.0,1,484.5,1198,3,1198,956,2,2
202525529610,20252552961001,2,2025,2,16869,1686902,32389,XWA,US,38,ND,North Dakota,66,12896,1289607,32896,LBB,US,48,TX,Texas,74,XWA:DEN:LBB,66:82:74,0,UA:UA,0,UA:UA,UA,UA,UA,0.0,1,513.0,1038,3,1038,1012,2,2
202525529611,20252552961101,2,2025,2,16869,1686902,32389,XWA,US,38,ND,North Dakota,66,13495,1349505,33495,MSY,US,22,LA,Louisiana,72,XWA:DEN:MSY,66:82:72,0,UA:UA,0,UA:UA,UA,UA,UA,0.0,1,240.0,1644,4,1644,1449,2,2
202525529612,20252552961201,2,2025,2,16869,1686902,32389,XWA,US,38,ND,North Dakota,66,13495,1349505,33495,MSY,US,22,LA,Louisiana,72,XWA:DEN:MSY,66:82:72,0,UA:UA,0,UA:UA,UA,UA,UA,0.0,1,471.5,1644,4,1644,1449,2,2
202525529614,20252552961401,2,2025,2,16869,1686902,32389,XWA,US,38,ND,North Dakota,66,13830,1383002,33830,OGG,US,15,HI,Hawaii,2,XWA:DEN:OGG,66:82:2,0,UA:UA,0,UA:UA,UA,UA,UA,0.0,1,483.5,3884,8,3884,3455,1,1
202525529616,20252552961601,2,2025,2,16869,1686902,32389,XWA,US,38,ND,North Dakota,66,14679,1467903,33570,SAN,US,6,CA,California,91,XWA:DEN:SAN,66:82:91,0,UA:UA,0,UA:UA,UA,UA,UA,0.0,1,214.0,1435,3,1435,1280,2,2
202525529617,20252552961701,2,2025,2,16869,1686902,32389,XWA,US,38,ND,North Dakota,66,14683,1468305,33214,SAT,US,48,TX,Texas,74,XWA:DEN:SAT,66:82:74,0,UA:UA,0,UA:UA,UA,UA,UA,0.0,1,125.5,1376,3,1376,1322,2,2
202524467346,20252446734603,2,2025,2,16869,1686902,32389,XWA,US,38,ND,North Dakota,66,10397,1039707,30397,ATL,US,13,GA,Georgia,34,XWA:DEN:ATL,66:82:34,0,UA:UA,0,UA:UA,UA,UA,UA,0.0,1,341.0,1781,4,1781,1421,2,2
202524467350,20252446735003,3,2025,2,16869,1686902,32389,XWA,US,38,ND,North Dakota,66,10397,1039707,30397,ATL,US,13,GA,Georgia,34,XWA:DEN:IAH:ATL,66:82:74:34,0,UA:UA:UA,0,UA:UA:UA,UA,UA,UA,0.0,1,189.65,2133,5,2133,1421,2,2
202524475831,20252447583103,2,2025,2,16869,1686902,32389,XWA,US,38,ND,North Dakota,66,10423,1042302,30423,AUS,US,48,TX,Texas,74,XWA:DEN:AUS,66:82:74,0,UA:UA,0,UA:UA,UA,UA,UA,0.0,1,241.0,1357,3,1357,1287,2,2
202524502060,20252450206003,2,2025,2,16869,1686902,32389,XWA,US,38,ND,North Dakota,66,10693,1069302,30693,BNA,US,47,TN,Tennessee,54,XWA:DEN:BNA,66:82:54,0,UA:UA,0,UA:UA,UA,UA,UA,0.0,1,293.5,1596,4,1596,1207,2,2
202524514055,20252451405503,2,2025,2,16869,1686902,32389,XWA,US,38,ND,North Dakota,66,10713,1071302,30713,BOI,US,16,ID,Idaho,83,XWA:DEN:BOI,66:82:83,0,UA:UA,0,UA:UA,UA,UA,UA,0.0,1,337.0,1231,3,1231,682,2,2
202524102159,20252410215903,2,2025,2,16869,1686902,32389,XWA,US,38,ND,North Dakota,66,12945,1294503,32945,LEX,US,21,KY,Kentucky,52,XWA:DEN:LEX,66:82:52,0,UA:UA,0,UA:UA,OO,UA,UA,0.0,1,545.0,1668,4,1668,1192,2,2
202524112795,20252411279505,2,2025,2,16869,1686902,32389,XWA,US,38,ND,North Dakota,66,13158,1315805,33158,MAF,US,48,TX,Texas,74,XWA:DEN:MAF,66:82:74,0,UA:UA,0,UA:UA,OO,UA,UA,0.0,1,642.63,1145,3,1145,1129,2,2
202524113352,20252411335203,2,2025,2,16869,1686902,32389,XWA,US,38,ND,North Dakota,66,13158,1315805,33158,MAF,US,48,TX,Texas,74,XWA:DEN:MAF,66:82:74,0,UA:UA,0,UA:UA,OO,UA,UA,0.0,1,203.5,1145,3,1145,1129,2,2
202524113353,20252411335303,2,2025,2,16869,1686902,32389,XWA,US,38,ND,North Dakota,66,13158,1315805,33158,MAF,US,48,TX,Texas,74,XWA:DEN:MAF,66:82:74,0,UA:UA,0,UA:UA,OO,UA,UA,0.0,1,210.0,1145,3,1145,1129,2,2
202524113356,20252411335603,2,2025,2,16869,1686902,32389,XWA,US,38,ND,North Dakota,66,13158,1315805,33158,MAF,US,48,TX,Texas,74,XWA:DEN:MAF,66:82:74,0,UA:UA,0,UA:UA,OO,UA,UA,0.0,1,255.0,1145,3,1145,1129,2,2
202524113357,20252411335703,2,2025,2,16869,1686902,32389,XWA,US,38,ND,North Dakota,66,13158,1315805,33158,MAF,US,48,TX,Texas,74,XWA:DEN:MAF,66:82:74,0,UA:UA,0,UA:UA,OO,UA,UA,0.0,1,349.5,1145,3,1145,1129,2,2
202524113373,20252411337303,2,2025,2,16869,1686902,32389,XWA,US,38,ND,North Dakota,66,13158,1315805,33158,MAF,US,48,TX,Texas,74,XWA:DEN:MAF,66:82:74,0,UA:UA,0,UA:UA,OO,UA,UA,0.0,1,795.5,1145,3,1145,1129,2,2
202524153340,20252415334003,2,2025,2,16869,1686902,32389,XWA,US,38,ND,North Dakota,66,13851,1385103,33851,OKC,US,40,OK,Oklahoma,73,XWA:DEN:OKC,66:82:73,0,UA:UA,0,UA:UA,OO,UA,UA,0.0,1,486.0,1077,3,1077,942,2,2
202524200452,20252420045203,2,2025,2,16869,1686902,32389,XWA,US,38,ND,North Dakota,66,14262,1426204,34262,PSP,US,6,CA,California,91,XWA:DEN:PSP,66:82:91,0,UA:UA,0,UA:UA,OO,UA,UA,0.0,1,134.0,1358,3,1358,1195,2,2
202524228650,20252422865003,2,2025,2,16869,1686902,32389,XWA,US,38,ND,North Dakota,66,14683,1468305,33214,SAT,US,48,TX,Texas,74,XWA:DEN:SAT,66:82:74,0,UA:UA,0,UA:UA,OO,UA,UA,0.0,1,156.5,1376,3,1376,1322,2,2
202523917943,20252391794303,2,2025,2,16869,1686902,32389,XWA,US,38,ND,North Dakota,66,10140,1014005,30140,ABQ,US,35,NM,New Mexico,86,XWA:DEN:ABQ,66:82:86,0,UA:UA,0,UA:UA,OO,UA,UA,0.0,1,131.0,931,2,931,924,2,2
202523917945,20252391794503,2,2025,2,16869,1686902,32389,XWA,US,38,ND,North Dakota,66,10140,1014005,30140,ABQ,US,35,NM,New Mexico,86,XWA:DEN:ABQ,66:82:86,0,UA:UA,0,UA:UA,OO,UA,UA,0.0,1,281.5,931,2,931,924,2,2
202523917946,20252391794603,2,2025,2,16869,1686902,32389,XWA,US,38,ND,North Dakota,66,10140,1014005,30140,ABQ,US,35,NM,New Mexico,86,XWA:DEN:ABQ,66:82:86,0,UA:UA,0,UA:UA,OO,UA,UA,0.0,1,313.5,931,2,931,924,2,2
202523942479,20252394247903,2,2025,2,16869,1686902,32389,XWA,US,38,ND,North Dakota,66,10561,1056103,30561,BFL,US,6,CA,California,91,XWA:DEN:BFL,66:82:91,0,UA:UA,0,UA:UA,OO,UA,UA,0.0,1,270.5,1427,3,1427,1182,2,2
202523942480,20252394248003,2,2025,2,16869,1686902,32389,XWA,US,38,ND,North Dakota,66,10561,1056103,30561,BFL,US,6,CA,California,91,XWA:DEN:BFL,66:82:91,0,UA:UA,0,UA:UA,OO,UA,UA,0.0,1,271.0,1427,3,1427,1182,2,2
202523943087,20252394308704,2,2025,2,16869,1686902,32389,XWA,US,38,ND,North Dakota,66,10561,1056103,30561,BFL,US,6,CA,California,91,XWA:DEN:BFL,66:82:91,0,UA:UA,0,UA:UA,OO,UA,UA,0.0,1,366.3,1427,3,1427,1182,2,2
202525249495,20252524949503,2,2025,2,16869,1686902,32389,XWA,US,38,ND,North Dakota,66,14057,1405702,34057,PDX,US,41,OR,Oregon,92,XWA:DEN:PDX,66:82:92,0,UA:UA,0,UA:UA,UA,UA,UA,0.0,1,191.0,1573,4,1573,908,2,2
202525269344,20252526934403,2,2025,2,16869,1686902,32389,XWA,US,38,ND,North Dakota,66,14107,1410702,30466,PHX,US,4,AZ,Arizona,81,XWA:DEN:PHX,66:82:81,0,UA:UA,0,UA:UA,UA,UA,UA,0.0,1,223.5,1184,3,1184,1109,2,2
202525269347,20252526934703,2,2025,2,16869,1686902,32389,XWA,US,38,ND,North Dakota,66,14107,1410702,30466,PHX,US,4,AZ,Arizona,81,XWA:DEN:PHX,66:82:81,0,UA:UA,0,UA:UA,UA,UA,UA,0.0,1,256.0,1184,3,1184,1109,2,2
202525269353,20252526935303,2,2025,2,16869,1686902,32389,XWA,US,38,ND,North Dakota,66,14107,1410702,30466,PHX,US,4,AZ,Arizona,81,XWA:DEN:PHX,66:82:81,0,UA:UA,0,UA:UA,UA,UA,UA,0.0,1,548.5,1184,3,1184,1109,2,2
202525291058,20252529105803,3,2025,2,16869,1686902,32389,XWA,US,38,ND,North Dakota,66,14252,1425203,34252,PSC,US,53,WA,Washington,93,XWA:DEN:SFO:PSC,66:82:91:93,0,UA:UA:UA,0,UA:UA:UA,UA,UA,UA,0.0,1,699.52,2169,5,2169,734,2,2
202525291733,20252529173303,2,2025,2,16869,1686902,32389,XWA,US,38,ND,North Dakota,66,14262,1426204,34262,PSP,US,6,CA,California,91,XWA:DEN:PSP,66:82:91,0,UA:UA,0,UA:UA,UA,UA,UA,0.0,1,482.5,1358,3,1358,1195,2,2
202525308144,20252530814404,2,2025,2,16869,1686902,32389,XWA,US,38,ND,North Dakota,66,14492,1449202,34492,RDU,US,37,NC,North Carolina,36,XWA:DEN:RDU,66:82:36,0,UA:UA,0,UA:UA,UA,UA,UA,0.0,1,379.44,2018,5,2018,1531,2,2
202525317675,20252531767503,2,2025,2,16869,1686902,32389,XWA,US,38,ND,North Dakota,66,14570,1457002,34570,RNO,US,32,NV,Nevada,85,XWA:DEN:RNO,66:82:85,0,UA:UA,0,UA:UA,UA,UA,UA,0.0,1,216.5,1386,3,1386,999,2,2
202525360206,20252536020604,2,2025,2,16869,1686902,32389,XWA,US,38,ND,North Dakota,66,14747,1474703,30559,SEA,US,53,WA,Washington,93,XWA:DEN:SEA,66:82:93,0,UA:UA,0,UA:UA,UA,UA,UA,0.0,1,369.08,1606,4,1606,863,2,2
202525388865,20252538886503,2,2025,2,16869,1686902,32389,XWA,US,38,ND,North Dakota,66,14771,1477104,32457,SFO,US,6,CA,California,91,XWA:DEN:SFO,66:82:91,0,UA:UA,0,UA:UA,UA,UA,UA,0.0,1,322.5,1549,4,1549,1191,2,2
